,Date,Open,High,Low,Close
0,2018-03-27,173.68,175.15,166.92,168.34
1,2018-03-26,168.07,173.1,166.44,172.77
2,2018-03-23,168.39,169.92,164.94,164.94
3,2018-03-22,170.0,172.68,168.6,168.845
4,2018-03-21,175.04,175.09,171.26,171.27
5,2018-03-20,175.24,176.8,174.94,175.24
6,2018-03-19,177.32,177.47,173.66,175.3
7,2018-03-16,178.65,179.12,177.62,178.02
8,2018-03-15,178.5,180.24,178.0701,178.65
9,2018-03-14,180.32,180.52,177.81,178.44
10,2018-03-13,182.59,183.5,179.24,179.97
11,2018-03-12,180.29,182.39,180.21,181.72
12,2018-03-09,177.96,180.0,177.39,179.98
13,2018-03-08,175.48,177.12,175.07,176.94
14,2018-03-07,174.94,175.85,174.27,175.03
15,2018-03-06,177.91,178.25,176.13,176.67
16,2018-03-05,175.21,177.74,174.52,176.82
17,2018-03-02,172.8,176.3,172.45,176.21
18,2018-03-01,178.54,179.775,172.66,175.0
19,2018-02-28,179.26,180.615,178.05,178.12
20,2018-02-27,179.1,180.48,178.16,178.39
21,2018-02-26,176.35,179.39,176.21,178.97
22,2018-02-23,173.67,175.65,173.54,175.555
23,2018-02-22,171.8,173.95,171.71,172.6
24,2018-02-21,172.83,174.12,171.01,171.07
25,2018-02-20,172.05,174.26,171.42,171.85
26,2018-02-16,172.36,174.82,171.77,172.43
27,2018-02-15,169.79,173.09,169.0,172.99
28,2018-02-14,163.045,167.54,162.88,167.37
29,2018-02-13,161.95,164.75,161.65,164.34
30,2018-02-12,158.5,163.89,157.51,162.71
31,2018-02-09,157.07,157.89,150.24,155.97
32,2018-02-08,160.29,161.0,155.03,155.32
33,2018-02-07,163.085,163.4,159.0685,159.54
34,2018-02-06,154.83,163.72,154.0,163.03
35,2018-02-05,159.1,163.88,156.0,157.49
36,2018-02-02,166.0,166.8,160.1,160.37
37,2018-02-01,167.165,168.62,166.76,167.78
38,2018-01-31,166.87,168.4417,166.5,167.43
39,2018-01-30,165.525,167.37,164.7,166.97
40,2018-01-29,170.16,170.16,167.07,167.96
41,2018-01-26,172.0,172.0,170.06,171.51
42,2018-01-25,174.505,174.95,170.53,171.11
43,2018-01-24,177.25,177.3,173.2,174.22
44,2018-01-23,177.3,179.44,176.82,177.04
45,2018-01-22,177.3,177.78,176.6016,177.0
46,2018-01-19,178.61,179.58,177.41,178.46
47,2018-01-18,179.37,180.1,178.25,179.26
48,2018-01-17,176.15,179.25,175.07,179.1
49,2018-01-16,177.9,179.39,176.14,176.19
50,2018-01-12,176.18,177.36,175.65,177.09
51,2018-01-11,174.59,175.4886,174.49,175.28
52,2018-01-10,173.16,174.3,173.0,174.29
53,2018-01-09,174.55,175.06,173.41,174.33
54,2018-01-08,174.35,175.61,173.93,174.35
55,2018-01-05,173.44,175.37,173.05,175.0
56,2018-01-04,172.54,173.47,172.08,173.03
57,2018-01-03,172.53,174.55,171.96,172.23
58,2018-01-02,170.16,172.3,169.26,172.26
59,2017-12-29,170.52,170.59,169.22,169.23
60,2017-12-28,171.0,171.85,170.48,171.08
61,2017-12-27,170.1,170.78,169.71,170.6
62,2017-12-26,170.8,171.47,169.679,170.57
63,2017-12-22,174.68,175.424,174.5,175.01
64,2017-12-21,174.17,176.02,174.1,175.01
65,2017-12-20,174.87,175.42,173.25,174.35
66,2017-12-19,175.03,175.39,174.09,174.54
67,2017-12-18,174.88,177.2,174.86,176.42
68,2017-12-15,173.63,174.17,172.46,173.87
69,2017-12-14,172.4,173.13,171.65,172.22
70,2017-12-13,172.5,173.54,172.0,172.27
71,2017-12-12,172.15,172.39,171.461,171.7
72,2017-12-11,169.2,172.89,168.79,172.67
73,2017-12-08,170.49,171.0,168.82,169.37
74,2017-12-07,169.03,170.44,168.91,169.452
75,2017-12-06,167.5,170.2047,166.46,169.01
76,2017-12-05,169.06,171.52,168.4,169.64
77,2017-12-04,172.48,172.62,169.63,169.8
78,2017-12-01,169.95,171.67,168.5,171.05
79,2017-11-30,170.43,172.14,168.44,171.85
80,2017-11-29,172.63,172.92,167.16,169.48
81,2017-11-28,174.3,174.87,171.86,173.07
82,2017-11-27,175.05,175.08,173.34,174.09
83,2017-11-24,175.1,175.5,174.6459,174.97
84,2017-11-22,173.36,175.0,173.05,174.96
85,2017-11-21,170.78,173.7,170.78,173.14
86,2017-11-20,170.29,170.56,169.56,169.98
87,2017-11-17,171.04,171.39,169.64,170.15
88,2017-11-16,171.18,171.87,170.3,171.1
89,2017-11-15,169.97,170.3197,168.38,169.08
90,2017-11-14,173.04,173.48,171.18,171.34
91,2017-11-13,173.5,174.5,173.4,173.97
92,2017-11-10,175.11,175.38,174.27,174.67
93,2017-11-09,175.11,176.095,173.14,175.88
94,2017-11-07,173.91,175.25,173.6,174.81
95,2017-11-06,172.365,174.99,171.72,174.25
96,2017-11-03,174.0,174.26,171.12,172.5
97,2017-11-02,167.64,168.5,165.28,168.11
98,2017-11-01,169.87,169.94,165.61,166.89
99,2017-10-31,167.9,169.6499,166.94,169.04
100,2017-10-30,163.89,168.07,163.72,166.72
101,2017-10-27,159.29,163.6,158.7,163.05
102,2017-10-26,157.23,157.8295,156.78,157.41
103,2017-10-25,156.91,157.55,155.27,156.405
104,2017-10-24,156.29,157.42,156.2,157.1
105,2017-10-23,156.89,157.69,155.5,156.17
106,2017-10-20,156.61,157.75,155.96,156.16
107,2017-10-19,156.75,157.08,155.02,155.98
108,2017-10-18,160.42,160.71,159.6,159.76
109,2017-10-17,159.78,160.87,159.23,160.47
110,2017-10-16,157.9,160.0,157.65,159.88
111,2017-10-13,156.73,157.28,156.41,156.99
112,2017-10-12,156.35,157.37,155.7299,156.0
113,2017-10-11,155.97,156.98,155.75,156.55
114,2017-10-10,156.055,158.0,155.1,155.9
115,2017-10-09,155.81,156.73,155.485,155.84
116,2017-10-06,154.97,155.49,154.56,155.3
117,2017-10-05,154.18,155.44,154.05,155.39
118,2017-10-04,153.63,153.86,152.46,153.4508
119,2017-10-03,154.01,155.09,153.91,154.48
120,2017-10-02,154.26,154.45,152.72,153.81
121,2017-09-29,153.21,154.13,152.0,154.12
122,2017-09-28,153.89,154.28,152.7,153.28
123,2017-09-27,153.8,154.7189,153.54,154.23
124,2017-09-26,151.78,153.92,151.69,153.14
125,2017-09-25,149.99,151.83,149.16,150.55
126,2017-09-22,152.02,152.27,150.56,151.89
127,2017-09-21,155.8,155.8,152.75,153.39
128,2017-09-20,157.9,158.26,153.83,156.07
129,2017-09-19,159.51,159.77,158.44,158.73
130,2017-09-18,160.11,160.5,157.995,158.67
131,2017-09-15,158.47,160.97,158.0,159.88
132,2017-09-14,158.99,159.4,158.09,158.28
133,2017-09-13,159.87,159.96,157.91,159.65
134,2017-09-12,162.61,163.96,158.77,160.82
135,2017-09-11,160.5,162.05,159.89,161.5
136,2017-09-08,160.86,161.15,158.53,158.63
137,2017-09-07,162.09,162.24,160.36,161.26
138,2017-09-06,162.71,162.99,160.52,161.91
139,2017-09-05,163.75,164.25,160.56,162.08
140,2017-09-01,164.8,164.94,163.63,164.05
141,2017-08-31,163.64,164.52,163.48,164.0
142,2017-08-30,163.8,163.89,162.61,163.35
143,2017-08-29,160.1,163.12,160.0,162.91
144,2017-08-28,160.14,162.0,159.93,161.47
145,2017-08-25,159.65,160.56,159.27,159.86
146,2017-08-24,160.43,160.74,158.55,159.27
147,2017-08-23,159.07,160.47,158.88,159.98
148,2017-08-22,158.23,160.0,158.02,159.78
149,2017-08-21,157.5,157.89,155.1101,157.21
150,2017-08-18,157.86,159.5,156.72,157.5
151,2017-08-17,160.52,160.71,157.84,157.87
152,2017-08-16,161.94,162.51,160.15,160.95
153,2017-08-15,160.66,162.195,160.14,161.6
154,2017-08-14,159.32,160.21,158.75,159.85
155,2017-08-11,156.6,158.5728,156.07,157.48
156,2017-08-10,159.9,160.0,154.63,155.27
157,2017-08-09,159.26,161.27,159.11,161.06
158,2017-08-08,158.6,161.83,158.27,160.08
159,2017-08-04,156.07,157.4,155.69,156.39
160,2017-08-03,157.05,157.21,155.02,155.57
161,2017-08-02,159.28,159.75,156.16,157.14
162,2017-08-01,149.1,150.22,148.41,150.05
163,2017-07-31,149.9,150.33,148.13,148.85
164,2017-07-28,149.89,150.23,149.19,149.5
165,2017-07-27,153.75,153.99,147.3,150.56
166,2017-07-26,153.35,153.93,153.06,153.46
167,2017-07-25,151.8,153.84,151.8,152.74
168,2017-07-24,150.58,152.44,149.9,152.09
169,2017-07-21,149.99,150.44,148.88,150.27
170,2017-07-20,151.5,151.74,150.19,150.34
171,2017-07-19,150.48,151.42,149.95,151.02
172,2017-07-18,149.2,150.13,148.67,150.08
173,2017-07-17,148.82,150.9,148.57,149.56
174,2017-07-14,147.97,149.33,147.33,149.04
175,2017-07-13,145.5,148.49,145.44,147.77
176,2017-07-12,145.87,146.18,144.82,145.74
177,2017-07-11,144.73,145.85,144.38,145.53
178,2017-07-10,144.11,145.95,143.37,145.06
179,2017-07-07,142.9,144.75,142.9,144.18
180,2017-07-06,143.02,143.5,142.41,142.73
181,2017-07-05,143.69,144.79,142.7237,144.09
182,2017-07-03,144.88,145.3001,143.1,143.5
183,2017-06-30,144.45,144.96,143.78,144.02
184,2017-06-29,144.71,145.13,142.28,143.68
185,2017-06-28,144.49,146.11,143.1601,145.83
186,2017-06-27,145.01,146.16,143.62,143.74
187,2017-06-26,147.17,148.28,145.38,145.82
188,2017-06-23,145.13,147.16,145.11,146.35
189,2017-06-22,145.77,146.7,145.1199,145.63
190,2017-06-21,145.52,146.0693,144.61,145.87
191,2017-06-20,146.87,146.87,144.94,145.01
192,2017-06-19,143.66,146.74,143.66,146.34
193,2017-06-16,143.78,144.5,142.2,142.27
194,2017-06-15,143.32,144.4798,142.21,144.29
195,2017-06-14,147.5,147.5,143.84,145.16
196,2017-06-13,147.16,147.45,145.15,146.59
197,2017-06-12,145.74,146.09,142.51,145.32
198,2017-06-09,155.19,155.19,146.02,148.98
199,2017-06-08,155.25,155.54,154.4,154.99
200,2017-06-07,155.02,155.98,154.48,155.37
201,2017-06-06,153.9,155.81,153.78,154.45
202,2017-06-05,154.34,154.45,153.46,153.93
203,2017-06-02,153.58,155.45,152.89,155.45
204,2017-06-01,153.17,153.33,152.22,153.18
205,2017-05-31,153.97,154.17,152.38,152.76
206,2017-05-30,153.42,154.43,153.33,153.67
207,2017-05-26,154.0,154.24,153.31,153.61
208,2017-05-25,153.73,154.35,153.03,153.87
209,2017-05-24,153.84,154.17,152.67,153.34
210,2017-05-23,154.9,154.9,153.31,153.8
211,2017-05-22,154.0,154.58,152.91,153.99
212,2017-05-19,153.38,153.98,152.63,152.96
213,2017-05-18,151.27,153.34,151.13,152.54
214,2017-05-17,153.6,154.57,149.71,150.25
215,2017-05-16,155.94,156.06,154.72,155.47
216,2017-05-15,156.01,156.65,155.05,155.7
217,2017-05-12,154.7,156.42,154.67,156.1
218,2017-05-11,152.45,154.07,152.31,153.95
219,2017-05-10,153.63,153.94,152.11,153.26
220,2017-05-09,153.87,154.88,153.45,153.96
221,2017-05-08,149.03,153.7,149.03,153.0
222,2017-05-05,146.76,148.98,146.76,148.96
223,2017-05-04,146.52,147.14,145.81,146.53
224,2017-05-03,145.59,147.49,144.27,147.06
225,2017-05-02,147.54,148.09,146.84,147.51
226,2017-05-01,145.1,147.2,144.96,146.6
227,2017-04-28,144.09,144.3,143.27,143.65
228,2017-04-27,143.9225,144.16,143.31,143.79
229,2017-04-26,144.47,144.6,143.3762,143.6508
230,2017-04-25,143.91,144.9,143.87,144.54
231,2017-04-24,143.5,143.95,143.18,143.64
232,2017-04-21,142.44,142.68,141.85,142.27
233,2017-04-20,141.22,142.92,141.16,142.44
234,2017-04-19,141.88,142.0,140.45,140.68
235,2017-04-18,141.41,142.04,141.11,141.2
236,2017-04-17,141.48,141.88,140.87,141.83
237,2017-04-13,141.91,142.38,141.05,141.05
238,2017-04-12,141.6,142.15,141.01,141.8
239,2017-04-11,142.94,143.35,140.06,141.63
240,2017-04-10,143.6,143.8792,142.9,143.17
241,2017-04-07,143.73,144.18,143.27,143.34
242,2017-04-06,144.29,144.52,143.45,143.66
243,2017-04-05,144.22,145.46,143.81,144.02
244,2017-04-04,143.25,144.89,143.17,144.77
245,2017-04-03,143.71,144.12,143.05,143.7
246,2017-03-31,143.72,144.27,143.01,143.66
247,2017-03-30,144.19,144.5,143.5,143.93
248,2017-03-29,143.68,144.49,143.19,144.12
249,2017-03-28,140.91,144.04,140.62,143.8
250,2017-03-27,139.39,141.22,138.62,140.88
251,2017-03-24,141.5,141.74,140.35,140.64
252,2017-03-23,141.26,141.5844,140.61,140.92
253,2017-03-22,139.845,141.6,139.76,141.42
254,2017-03-21,142.11,142.8,139.73,139.84
255,2017-03-20,140.4,141.5,140.23,141.46
256,2017-03-17,141.0,141.0,139.89,139.99
257,2017-03-16,140.72,141.02,140.26,140.69
258,2017-03-15,139.41,140.7501,139.025,140.46
259,2017-03-14,139.3,139.65,138.84,138.99
260,2017-03-13,138.85,139.43,138.82,139.2
261,2017-03-10,139.25,139.3571,138.64,139.14
262,2017-03-09,138.74,138.79,137.05,138.68
263,2017-03-08,138.95,139.8,138.82,139.0
264,2017-03-07,139.06,139.98,138.79,139.52
265,2017-03-06,139.365,139.77,138.5959,139.34
266,2017-03-03,138.78,139.83,138.59,139.78
267,2017-03-02,140.0,140.2786,138.76,138.96
268,2017-03-01,137.89,140.15,137.595,139.79
269,2017-02-28,137.08,137.435,136.7,136.99
270,2017-02-27,137.14,137.435,136.28,136.93
271,2017-02-24,135.91,136.66,135.28,136.66
272,2017-02-23,137.38,137.48,136.3,136.53
273,2017-02-22,136.43,137.12,136.11,137.11
274,2017-02-21,136.23,136.75,135.98,136.7
275,2017-02-17,135.1,135.83,135.1,135.72
276,2017-02-16,135.67,135.9,134.8398,135.345
277,2017-02-15,135.52,136.27,134.62,135.51
278,2017-02-14,133.47,135.09,133.25,135.02
279,2017-02-13,133.08,133.82,132.75,133.29
280,2017-02-10,132.46,132.94,132.05,132.12
281,2017-02-09,131.65,132.445,131.12,132.42
282,2017-02-08,131.35,132.22,131.22,132.04
283,2017-02-07,130.54,132.09,130.45,131.53
284,2017-02-06,129.13,130.5,128.9,130.29
285,2017-02-03,128.31,129.19,128.16,129.08
286,2017-02-02,127.975,129.39,127.78,128.53
287,2017-02-01,127.03,130.49,127.01,128.75
288,2017-01-31,121.15,121.39,120.62,121.35
289,2017-01-30,120.93,121.63,120.66,121.63
290,2017-01-27,122.14,122.35,121.6,121.95
291,2017-01-26,121.67,122.44,121.6,121.94
292,2017-01-25,120.42,122.1,120.28,121.88
293,2017-01-24,119.55,120.1,119.5,119.97
294,2017-01-23,120.0,120.81,119.77,120.08
295,2017-01-20,120.45,120.45,119.7346,120.0
296,2017-01-19,119.4,120.09,119.37,119.78
297,2017-01-18,120.0,120.5,119.71,119.99
298,2017-01-17,118.34,120.24,118.22,120.0
299,2017-01-13,119.11,119.62,118.81,119.04
300,2017-01-12,118.895,119.3,118.21,119.25
301,2017-01-11,118.74,119.93,118.6,119.75
302,2017-01-10,118.77,119.38,118.3,119.11
303,2017-01-09,117.95,119.43,117.94,118.99
304,2017-01-06,116.78,118.16,116.47,117.91
305,2017-01-05,115.92,116.8642,115.81,116.61
306,2017-01-04,115.85,116.51,115.75,116.02
307,2017-01-03,115.8,116.33,114.76,116.15
308,2016-12-30,116.65,117.2,115.43,115.82
309,2016-12-29,116.45,117.1095,116.4,116.73
310,2016-12-28,117.52,118.0166,116.2,116.76
311,2016-12-27,116.52,117.8,116.49,117.26
312,2016-12-23,115.59,116.52,115.59,116.52
313,2016-12-22,116.35,116.51,115.64,116.29
314,2016-12-21,116.8,117.4,116.78,117.06
315,2016-12-20,116.74,117.5,116.68,116.95
316,2016-12-19,115.8,117.38,115.75,116.64
317,2016-12-16,116.47,116.5,115.645,115.97
318,2016-12-15,115.38,116.73,115.23,115.82
319,2016-12-14,115.04,116.2,114.98,115.19
320,2016-12-13,113.84,115.92,113.75,115.19
321,2016-12-12,113.29,115.0,112.49,113.3
322,2016-12-09,112.31,114.7,112.31,113.95
323,2016-12-08,110.86,112.43,110.6,112.12
324,2016-12-07,109.26,111.19,109.16,111.03
325,2016-12-06,109.5,110.36,109.19,109.95
326,2016-12-05,110.0,110.03,108.25,109.11
327,2016-12-02,109.17,110.09,108.85,109.9
328,2016-12-01,110.365,110.94,109.03,109.49
329,2016-11-30,111.56,112.2,110.27,110.52
330,2016-11-29,110.78,112.03,110.07,111.46
331,2016-11-28,111.43,112.465,111.39,111.57
332,2016-11-25,111.13,111.87,110.95,111.79
333,2016-11-23,111.36,111.51,110.33,111.23
334,2016-11-22,111.95,112.42,111.4,111.8
335,2016-11-21,110.12,111.99,110.01,111.73
336,2016-11-18,109.72,110.54,109.66,110.06
337,2016-11-17,109.81,110.35,108.83,109.95
338,2016-11-16,106.7,110.23,106.6,109.99
339,2016-11-15,106.57,107.68,106.1593,107.11
340,2016-11-14,107.32,107.809,104.08,105.71
341,2016-11-11,106.92,108.87,106.55,108.43
342,2016-11-10,111.09,111.09,105.83,107.79
343,2016-11-09,109.88,111.32,108.05,110.88
344,2016-11-08,110.31,111.72,109.7,111.06
345,2016-11-07,110.08,110.51,109.46,110.41
346,2016-11-04,108.53,110.25,108.11,108.84
347,2016-11-03,110.98,111.46,109.55,109.83
348,2016-11-02,111.4,112.35,111.23,111.59
349,2016-11-01,113.46,113.77,110.53,111.49
350,2016-10-31,113.65,114.23,113.2,113.54
351,2016-10-28,113.87,115.21,113.45,113.72
352,2016-10-27,115.39,115.86,114.1,114.48
353,2016-10-26,114.31,115.7,113.31,115.59
354,2016-10-25,117.95,118.36,117.31,118.25
355,2016-10-24,117.1,117.74,117.0,117.65
356,2016-10-21,116.81,116.91,116.28,116.6
357,2016-10-20,116.86,117.38,116.33,117.06
358,2016-10-19,117.25,117.76,113.8,117.12
359,2016-10-18,118.18,118.21,117.45,117.47
360,2016-10-17,117.33,117.84,116.78,117.55
361,2016-10-14,117.88,118.17,117.13,117.63
362,2016-10-13,116.79,117.44,115.72,116.98
363,2016-10-12,117.35,117.98,116.75,117.34
364,2016-10-11,117.7,118.69,116.2,116.3
365,2016-10-10,115.02,116.75,114.72,116.05
366,2016-10-07,114.31,114.56,113.51,114.06
367,2016-10-06,113.7,114.34,113.13,113.89
368,2016-10-05,113.4,113.66,112.69,113.05
369,2016-10-04,113.06,114.31,112.63,113.0
370,2016-10-03,112.71,113.05,112.28,112.52
371,2016-09-30,112.46,113.37,111.8,113.05
372,2016-09-29,113.16,113.8,111.8,112.18
373,2016-09-28,113.69,114.64,113.43,113.95
374,2016-09-27,113.0,113.18,112.34,113.09
375,2016-09-26,111.64,113.39,111.55,112.88
376,2016-09-23,114.42,114.79,111.55,112.71
377,2016-09-22,114.35,114.94,114.0,114.62
378,2016-09-21,113.85,113.989,112.441,113.55
379,2016-09-20,113.05,114.12,112.51,113.57
380,2016-09-19,115.19,116.18,113.25,113.58
381,2016-09-16,115.12,116.13,114.04,114.92
382,2016-09-15,113.86,115.73,113.49,115.57
383,2016-09-14,108.73,113.03,108.6,111.77
384,2016-09-13,107.51,108.79,107.24,107.95
385,2016-09-12,102.65,105.72,102.53,105.44
386,2016-09-09,104.64,105.72,103.13,103.13
387,2016-09-08,107.25,107.27,105.24,105.52
388,2016-09-07,107.83,108.76,107.07,108.36
389,2016-09-06,107.9,108.3,107.51,107.7
390,2016-09-02,107.7,108.0,106.82,107.73
391,2016-09-01,106.14,106.8,105.62,106.73
392,2016-08-31,105.66,106.5699,105.64,106.1
393,2016-08-30,105.8,106.5,105.5,106.0
394,2016-08-29,106.62,107.44,106.29,106.82
395,2016-08-26,107.41,107.95,106.31,106.94
396,2016-08-25,107.39,107.88,106.68,107.57
397,2016-08-24,108.565,108.75,107.68,108.03
398,2016-08-23,108.59,109.32,108.53,108.85
399,2016-08-22,108.86,109.1,107.85,108.51
400,2016-08-19,108.77,109.69,108.36,109.36
401,2016-08-18,109.23,109.6,109.02,109.08
402,2016-08-17,109.1,109.37,108.34,109.22
403,2016-08-16,109.63,110.23,109.21,109.38
404,2016-08-15,108.14,109.54,108.08,109.48
405,2016-08-12,107.78,108.44,107.78,108.18
406,2016-08-11,108.52,108.93,107.85,107.93
407,2016-08-10,108.71,108.9,107.76,108.0
408,2016-08-09,108.23,108.94,108.01,108.81
409,2016-08-08,107.52,108.37,107.16,108.37
410,2016-08-05,106.27,107.65,106.18,107.48
411,2016-08-04,105.58,106.0,105.28,105.87
412,2016-08-03,104.81,105.84,104.77,105.79
413,2016-08-02,106.05,106.07,104.0,104.48
414,2016-08-01,104.41,106.15,104.41,106.05
415,2016-07-29,104.19,104.55,103.68,104.21
416,2016-07-28,102.83,104.45,102.82,104.34
417,2016-07-27,104.265,104.35,102.75,102.95
418,2016-07-26,96.82,97.97,96.42,96.67
419,2016-07-25,98.25,98.84,96.92,97.34
420,2016-07-22,99.26,99.3,98.31,98.66
421,2016-07-21,99.83,101.0,99.13,99.43
422,2016-07-20,100.0,100.46,99.735,99.96
423,2016-07-19,99.56,100.0,99.34,99.87
424,2016-07-18,98.7,100.13,98.6,99.83
425,2016-07-15,98.92,99.3,98.5,98.78
426,2016-07-14,97.39,98.99,97.32,98.79
427,2016-07-13,97.41,97.67,96.84,96.87
428,2016-07-12,97.17,97.7,97.12,97.42
429,2016-07-11,96.75,97.65,96.73,96.98
430,2016-07-08,96.49,96.89,96.05,96.68
431,2016-07-07,95.7,96.5,95.62,95.94
432,2016-07-06,94.6,95.66,94.37,95.53
433,2016-07-05,95.39,95.4,94.46,94.99
434,2016-07-01,95.49,96.465,95.33,95.89
435,2016-06-30,94.44,95.77,94.3,95.6
436,2016-06-29,93.97,94.55,93.63,94.4
437,2016-06-28,92.9,93.66,92.14,93.59
438,2016-06-27,93.0,93.05,91.5,92.04
439,2016-06-24,92.91,94.655,92.65,93.4
440,2016-06-23,95.94,96.29,95.25,96.1
441,2016-06-22,96.25,96.89,95.35,95.55
442,2016-06-21,94.94,96.35,94.676,95.91
443,2016-06-20,96.0,96.57,95.03,95.1
444,2016-06-17,96.62,96.65,95.3,95.33
445,2016-06-16,96.45,97.75,96.07,97.55
446,2016-06-15,97.82,98.41,97.03,97.14
447,2016-06-14,97.32,98.475,96.75,97.46
448,2016-06-13,98.69,99.12,97.1,97.34
449,2016-06-10,98.53,99.3457,98.48,98.83
450,2016-06-09,98.5,99.99,98.46,99.65
451,2016-06-08,99.02,99.56,98.68,98.94
452,2016-06-07,99.25,99.87,98.96,99.03
453,2016-06-06,97.99,101.89,97.55,98.63
454,2016-06-03,97.79,98.27,97.45,97.92
455,2016-06-02,97.6,97.84,96.63,97.72
456,2016-06-01,99.02,99.54,98.33,98.46
457,2016-05-31,99.6,100.4,98.82,99.86
458,2016-05-27,99.44,100.47,99.245,100.35
459,2016-05-26,99.68,100.73,98.64,100.41
460,2016-05-25,98.67,99.74,98.11,99.62
461,2016-05-24,97.22,98.09,96.84,97.9
462,2016-05-23,95.87,97.19,95.67,96.43
463,2016-05-20,94.64,95.43,94.52,95.22
464,2016-05-19,94.64,94.64,93.57,94.2
465,2016-05-18,94.16,95.21,93.89,94.56
466,2016-05-17,94.55,94.7,93.01,93.49
467,2016-05-16,92.39,94.39,91.65,93.88
468,2016-05-13,90.0,91.67,90.0,90.52
469,2016-05-12,92.72,92.78,89.47,90.34
470,2016-05-11,93.48,93.57,92.46,92.51
471,2016-05-10,93.33,93.57,92.11,93.42
472,2016-05-09,93.0,93.77,92.59,92.79
473,2016-05-06,93.37,93.45,91.85,92.72
474,2016-05-05,94.0,94.07,92.68,93.24
475,2016-05-04,95.2,95.9,93.82,94.19
476,2016-05-03,94.2,95.74,93.68,95.18
477,2016-05-02,93.965,94.08,92.4,93.64
478,2016-04-29,93.99,94.72,92.51,93.74
479,2016-04-28,97.61,97.88,94.25,94.83
480,2016-04-27,96.0,98.71,95.68,97.82
481,2016-04-26,103.91,105.3,103.91,104.35
482,2016-04-25,105.0,105.65,104.51,105.08
483,2016-04-22,105.01,106.48,104.62,105.68
484,2016-04-21,106.93,106.93,105.52,105.97
485,2016-04-20,106.64,108.09,106.06,107.13
486,2016-04-19,107.88,108.0,106.23,106.91
487,2016-04-18,108.89,108.95,106.94,107.48
488,2016-04-15,112.11,112.3,109.73,109.85
489,2016-04-14,111.62,112.39,111.33,112.1
490,2016-04-13,110.8,112.34,110.8,112.04
491,2016-04-12,109.34,110.5,108.66,110.44
492,2016-04-11,108.97,110.61,108.83,109.02
493,2016-04-08,108.91,109.77,108.17,108.66
494,2016-04-07,109.95,110.42,108.121,108.54
495,2016-04-06,110.23,110.98,109.2,110.96
496,2016-04-05,109.51,110.73,109.42,109.81
497,2016-04-04,110.42,112.19,110.27,111.12
498,2016-04-01,108.78,110.0,108.2,109.99
499,2016-03-31,109.72,109.9,108.88,108.99
500,2016-03-30,108.65,110.42,108.6,109.56
501,2016-03-29,104.89,107.79,104.88,107.68
502,2016-03-28,106.0,106.19,105.06,105.19
503,2016-03-24,105.47,106.25,104.89,105.67
504,2016-03-23,106.48,107.07,105.9,106.13
505,2016-03-22,105.25,107.29,105.21,106.72
506,2016-03-21,105.93,107.65,105.1401,105.91
507,2016-03-18,106.34,106.5,105.19,105.92
508,2016-03-17,105.52,106.47,104.96,105.8
509,2016-03-16,104.61,106.31,104.59,105.97
510,2016-03-15,103.96,105.18,103.85,104.58
511,2016-03-14,101.91,102.91,101.78,102.52
512,2016-03-11,102.24,102.28,101.5,102.26
513,2016-03-10,101.41,102.24,100.15,101.17
514,2016-03-09,101.31,101.58,100.27,101.12
515,2016-03-08,100.78,101.76,100.4,101.03
516,2016-03-07,102.39,102.83,100.96,101.87
517,2016-03-04,102.37,103.75,101.37,103.01
518,2016-03-03,100.58,101.7099,100.45,101.5
519,2016-03-02,100.51,100.89,99.64,100.75
520,2016-03-01,97.65,100.77,97.42,100.53
521,2016-02-29,96.86,98.23,96.65,96.69
522,2016-02-26,97.2,98.0237,96.58,96.91
523,2016-02-25,96.05,96.76,95.25,96.76
524,2016-02-24,93.98,96.38,93.32,96.1
525,2016-02-23,96.4,96.5,94.55,94.69
526,2016-02-22,96.31,96.9,95.92,96.88
527,2016-02-19,96.0,96.7599,95.8,96.04
528,2016-02-18,98.84,98.89,96.091,96.26
529,2016-02-17,96.67,98.21,96.15,98.12
530,2016-02-16,95.02,96.85,94.61,96.64
531,2016-02-12,94.19,94.5,93.01,93.99
532,2016-02-11,93.79,94.72,92.59,93.7
533,2016-02-10,95.92,96.35,94.1,94.27
534,2016-02-09,94.29,95.94,93.93,94.99
535,2016-02-08,93.13,95.7,93.04,95.01
536,2016-02-05,96.52,96.92,93.69,94.02
537,2016-02-04,95.86,97.33,95.19,96.6
538,2016-02-03,95.0,96.84,94.08,96.35
539,2016-02-02,95.42,96.04,94.28,94.48
540,2016-02-01,96.47,96.71,95.4,96.43
541,2016-01-29,94.79,97.34,94.35,97.34
542,2016-01-28,93.79,94.52,92.39,94.09
543,2016-01-27,96.04,96.6289,93.34,93.42
544,2016-01-26,99.93,100.88,98.07,99.99
545,2016-01-25,101.52,101.53,99.21,99.44
546,2016-01-22,98.63,101.46,98.37,101.42
547,2016-01-21,97.06,97.88,94.94,96.3
548,2016-01-20,95.1,98.1897,93.42,96.79
549,2016-01-19,98.41,98.65,95.5,96.66
550,2016-01-15,96.2,97.71,95.36,97.13
551,2016-01-14,97.96,100.48,95.74,99.52
552,2016-01-13,100.32,101.19,97.3,97.39
553,2016-01-12,100.55,100.69,98.8399,99.96
554,2016-01-11,98.97,99.06,97.34,98.53
555,2016-01-08,98.55,99.11,96.76,96.96
556,2016-01-07,98.68,100.13,96.43,96.45
557,2016-01-06,100.56,102.37,99.87,100.7
558,2016-01-05,105.75,105.85,102.41,102.71
559,2016-01-04,102.61,105.368,102.0,105.35
560,2015-12-31,107.01,107.03,104.82,105.26
561,2015-12-30,108.58,108.7,107.18,107.32
562,2015-12-29,106.96,109.43,106.86,108.74
563,2015-12-28,107.59,107.69,106.1807,106.82
564,2015-12-24,109.0,109.0,107.95,108.03
565,2015-12-23,107.27,108.85,107.2,108.61
566,2015-12-22,107.4,107.72,106.451,107.23
567,2015-12-21,107.28,107.37,105.57,107.33
568,2015-12-18,108.91,109.52,105.81,106.03
569,2015-12-17,112.02,112.25,108.98,108.98
570,2015-12-16,111.07,111.99,108.8,111.34
571,2015-12-15,111.94,112.8,110.35,110.49
572,2015-12-14,112.18,112.68,109.79,112.48
573,2015-12-11,115.19,115.39,112.851,113.18
574,2015-12-10,116.04,116.94,115.51,116.17
575,2015-12-09,117.64,117.69,115.08,115.62
576,2015-12-08,117.52,118.6,116.86,118.23
577,2015-12-07,118.98,119.86,117.81,118.28
578,2015-12-04,115.29,119.25,115.11,119.03
579,2015-12-03,116.55,116.79,114.22,115.2
580,2015-12-02,117.05,118.11,116.08,116.28
581,2015-12-01,118.75,118.81,116.86,117.34
582,2015-11-30,117.99,119.41,117.75,118.3
583,2015-11-27,118.29,118.41,117.6,117.81
584,2015-11-25,119.21,119.23,117.92,118.03
585,2015-11-24,117.33,119.35,117.12,118.88
586,2015-11-23,119.27,119.73,117.34,117.75
587,2015-11-20,119.2,119.92,118.85,119.3
588,2015-11-19,117.64,119.75,116.76,118.78
589,2015-11-18,115.76,117.49,115.5,117.29
590,2015-11-17,114.92,115.05,113.32,113.69
591,2015-11-16,111.38,114.24,111.0,114.175
592,2015-11-13,115.2,115.57,112.27,112.34
593,2015-11-12,116.26,116.82,115.65,115.72
594,2015-11-11,116.37,117.42,115.21,116.11
595,2015-11-10,116.9,118.07,116.061,116.77
596,2015-11-09,120.96,121.81,120.05,120.57
597,2015-11-06,121.11,121.81,120.62,121.06
598,2015-11-05,121.85,122.69,120.18,120.92
599,2015-11-04,123.13,123.82,121.62,122.0
600,2015-11-03,120.79,123.49,120.7,122.57
601,2015-11-02,119.87,121.36,119.61,121.18
602,2015-10-30,120.99,121.22,119.45,119.5
603,2015-10-29,118.7,120.69,118.27,120.53
604,2015-10-28,116.93,119.3,116.06,119.27
605,2015-10-27,115.4,116.54,113.99,114.55
606,2015-10-26,118.08,118.13,114.92,115.28
607,2015-10-23,116.7,119.228,116.33,119.08
608,2015-10-22,114.33,115.5,114.1,115.5
609,2015-10-21,114.0,115.58,113.7,113.76
610,2015-10-20,111.34,114.17,110.82,113.77
611,2015-10-19,110.8,111.75,110.11,111.73
612,2015-10-16,111.78,112.0,110.53,111.04
613,2015-10-15,110.93,112.1,110.49,111.86
614,2015-10-14,111.29,111.52,109.56,110.21
615,2015-10-13,110.82,112.45,110.68,111.79
616,2015-10-12,112.73,112.75,111.44,111.6
617,2015-10-09,110.0,112.28,109.49,112.12
618,2015-10-08,110.19,110.19,108.21,109.5
619,2015-10-07,111.74,111.77,109.41,110.78
620,2015-10-06,110.63,111.74,109.765,111.31
621,2015-10-05,109.88,111.3698,109.07,110.78
622,2015-10-02,108.01,111.0136,107.55,110.38
623,2015-10-01,109.07,109.62,107.31,109.58
624,2015-09-30,110.17,111.54,108.73,109.95
625,2015-09-29,112.83,113.51,107.86,109.06
626,2015-09-28,113.85,114.57,112.44,112.44
627,2015-09-25,116.44,116.69,114.02,114.71
628,2015-09-24,113.25,115.5,112.37,115.0
629,2015-09-23,113.63,114.72,113.3,114.32
630,2015-09-22,113.38,114.18,112.5201,113.4
631,2015-09-21,113.67,115.37,113.66,115.21
632,2015-09-18,112.21,114.3,111.87,113.45
633,2015-09-17,115.66,116.49,113.715,113.92
634,2015-09-16,116.25,116.54,115.44,116.41
635,2015-09-15,115.93,116.53,114.42,116.28
636,2015-09-14,116.58,116.89,114.86,115.31
637,2015-09-11,111.79,114.21,111.76,114.21
638,2015-09-10,110.27,113.2825,109.9,112.57
639,2015-09-09,113.76,114.02,109.77,110.15
640,2015-09-08,111.65,112.56,110.32,112.31
641,2015-09-04,108.97,110.45,108.51,109.27
642,2015-09-03,112.49,112.78,110.04,110.37
643,2015-09-02,110.0,112.34,109.131,112.34
644,2015-09-01,110.18,111.88,107.36,107.72
645,2015-08-31,112.13,114.53,112.0,112.76
646,2015-08-28,112.17,113.31,111.54,113.29
647,2015-08-27,112.25,113.24,110.02,112.92
648,2015-08-26,107.085,109.89,105.05,109.69
649,2015-08-25,111.11,111.11,103.5,103.74
650,2015-08-24,94.87,108.8,92.0,103.12
651,2015-08-21,110.43,111.9,105.645,105.76
652,2015-08-20,114.08,114.35,111.63,112.65
653,2015-08-19,116.1,116.52,114.68,115.01
654,2015-08-18,116.43,117.44,116.01,116.5
655,2015-08-17,116.04,117.65,115.5,117.16
656,2015-08-14,114.32,116.31,114.01,115.96
657,2015-08-13,116.04,116.4,114.54,115.15
658,2015-08-12,112.53,115.42,109.63,115.24
659,2015-08-11,117.81,118.18,113.33,113.49
660,2015-08-10,116.53,119.99,116.53,119.72
661,2015-08-07,114.58,116.25,114.5,115.52
662,2015-08-06,115.97,116.5,114.115,115.13
663,2015-08-05,112.95,117.44,112.1,115.4
664,2015-08-04,117.42,117.7,113.25,114.64
665,2015-08-03,121.5,122.57,117.52,118.44
666,2015-07-31,122.6,122.6425,120.91,121.3
667,2015-07-30,122.32,122.5699,121.71,122.37
668,2015-07-29,123.15,123.5,122.27,122.99
669,2015-07-28,123.38,123.91,122.55,123.38
670,2015-07-27,123.09,123.61,122.12,122.77
671,2015-07-24,125.32,125.74,123.9,124.5
672,2015-07-23,126.2,127.09,125.06,125.16
673,2015-07-22,121.99,125.5,121.99,125.22
674,2015-07-21,132.85,132.92,130.32,130.75
675,2015-07-20,130.97,132.97,130.7,132.07
676,2015-07-17,129.08,129.62,128.31,129.62
677,2015-07-16,127.74,128.57,127.35,128.51
678,2015-07-15,125.72,127.15,125.58,126.82
679,2015-07-14,126.04,126.37,125.04,125.61
680,2015-07-13,125.03,125.755,124.32,125.66
681,2015-07-10,121.94,123.85,121.21,123.28
682,2015-07-09,123.85,124.06,119.22,120.07
683,2015-07-08,124.48,124.64,122.54,122.57
684,2015-07-07,125.89,126.15,123.77,125.69
685,2015-07-06,124.94,126.23,124.85,126.0
686,2015-07-02,126.43,126.69,125.77,126.44
687,2015-07-01,126.9,126.94,125.99,126.6
688,2015-06-30,125.57,126.12,124.86,125.425
689,2015-06-29,125.46,126.47,124.48,124.53
690,2015-06-26,127.67,127.99,126.51,126.75
691,2015-06-25,128.86,129.2,127.5,127.5
692,2015-06-24,127.21,129.8,127.12,128.11
693,2015-06-23,127.48,127.61,126.8792,127.03
694,2015-06-22,127.49,128.06,127.08,127.61
695,2015-06-19,127.71,127.82,126.4,126.6
696,2015-06-18,127.23,128.31,127.22,127.88
697,2015-06-17,127.72,127.88,126.74,127.3
698,2015-06-16,127.03,127.85,126.37,127.6
699,2015-06-15,126.1,127.24,125.71,126.92
700,2015-06-12,128.185,128.33,127.11,127.17
701,2015-06-11,129.18,130.18,128.475,128.59
702,2015-06-10,127.92,129.34,127.85,128.88
703,2015-06-09,126.7,128.08,125.62,127.42
704,2015-06-08,128.9,129.21,126.83,127.8
705,2015-06-05,129.5,129.69,128.36,128.65
706,2015-06-04,129.58,130.58,128.91,129.36
707,2015-06-03,130.66,130.94,129.9,130.12
708,2015-06-02,129.86,130.655,129.32,129.96
709,2015-06-01,131.2,131.39,130.05,130.535
710,2015-05-29,131.23,131.45,129.9,130.28
711,2015-05-28,131.86,131.95,131.1,131.78
712,2015-05-27,130.34,132.26,130.05,132.045
713,2015-05-26,132.6,132.91,129.12,129.62
714,2015-05-22,131.6,132.97,131.4,132.54
715,2015-05-21,130.07,131.63,129.83,131.39
716,2015-05-20,130.0,130.98,129.34,130.06
717,2015-05-19,130.69,130.88,129.64,130.07
718,2015-05-18,128.38,130.72,128.36,130.19
719,2015-05-15,129.07,129.49,128.21,128.77
720,2015-05-14,127.41,128.95,127.16,128.95
721,2015-05-13,126.15,127.19,125.87,126.01
722,2015-05-12,125.6,126.88,124.82,125.865
723,2015-05-11,127.39,127.56,125.625,126.32
724,2015-05-08,126.68,127.62,126.11,127.62
725,2015-05-07,124.77,126.08,124.02,125.26
726,2015-05-06,126.56,126.75,123.36,125.01
727,2015-05-05,128.15,128.4498,125.78,125.8
728,2015-05-04,129.5,130.57,128.26,128.7
729,2015-05-01,126.1,130.13,125.3,128.95
730,2015-04-30,127.5,127.88,124.58,125.15
731,2015-04-29,130.16,131.59,128.3,128.64
732,2015-04-28,134.455,134.54,129.57,130.56
733,2015-04-27,132.31,133.13,131.15,132.65
734,2015-04-24,130.49,130.63,129.23,130.28
735,2015-04-23,128.3,130.42,128.14,129.67
736,2015-04-22,126.99,128.87,126.32,128.62
737,2015-04-21,128.1,128.2,126.67,126.91
738,2015-04-20,125.57,128.12,125.17,127.6
739,2015-04-17,125.55,126.14,124.46,124.75
740,2015-04-16,126.28,127.1,126.11,126.17
741,2015-04-15,126.41,127.13,126.01,126.78
742,2015-04-14,127.0,127.29,125.91,126.3
743,2015-04-13,128.37,128.57,126.61,126.85
744,2015-04-10,125.95,127.21,125.26,127.1
745,2015-04-09,125.85,126.58,124.66,126.56
746,2015-04-08,125.85,126.4,124.97,125.6
747,2015-04-07,127.64,128.1218,125.98,126.01
748,2015-04-06,124.47,127.51,124.33,127.35
749,2015-04-02,125.03,125.56,124.19,125.32
750,2015-04-01,124.82,125.12,123.1,124.25
751,2015-03-31,126.09,126.49,124.355,124.43
752,2015-03-30,124.05,126.4,124.0,126.37
753,2015-03-27,124.57,124.7,122.91,123.25
754,2015-03-26,122.76,124.88,122.6,124.24
755,2015-03-25,126.54,126.82,123.38,123.38
756,2015-03-24,127.23,128.04,126.56,126.69
757,2015-03-23,127.12,127.85,126.52,127.21
758,2015-03-20,128.25,128.4,125.16,125.9
759,2015-03-19,128.75,129.2451,127.4,127.495
760,2015-03-18,127.0,129.16,126.37,128.47
761,2015-03-17,125.9,127.32,125.65,127.04
762,2015-03-16,123.88,124.95,122.87,124.95
763,2015-03-13,124.4,125.3951,122.58,123.59
764,2015-03-12,122.31,124.9,121.63,124.45
765,2015-03-11,124.75,124.77,122.11,122.24
766,2015-03-10,126.41,127.22,123.8,124.51
767,2015-03-09,127.96,129.57,125.06,127.14
768,2015-03-06,128.4,129.37,126.26,126.6
769,2015-03-05,128.58,128.75,125.76,126.41
770,2015-03-04,129.1,129.56,128.32,128.54
771,2015-03-03,128.96,129.52,128.09,129.36
772,2015-03-02,129.25,130.28,128.3,129.09
773,2015-02-27,130.0,130.57,128.24,128.46
774,2015-02-26,128.785,130.87,126.61,130.415
775,2015-02-25,131.56,131.6,128.15,128.79
776,2015-02-24,132.94,133.6,131.17,132.17
777,2015-02-23,130.02,133.0,129.66,133.0
778,2015-02-20,128.62,129.5,128.05,129.495
779,2015-02-19,128.48,129.03,128.33,128.45
780,2015-02-18,127.625,128.78,127.45,128.715
781,2015-02-17,127.49,128.88,126.92,127.83
782,2015-02-13,127.28,127.28,125.65,127.08
783,2015-02-12,126.06,127.48,125.57,126.46
784,2015-02-11,122.77,124.92,122.5,124.88
785,2015-02-10,120.17,122.15,120.16,122.02
786,2015-02-09,118.55,119.84,118.43,119.72
787,2015-02-06,120.02,120.25,118.45,118.93
788,2015-02-05,120.02,120.23,119.25,119.94
789,2015-02-04,118.5,120.51,118.309,119.56
790,2015-02-03,118.5,119.09,117.61,118.65
791,2015-02-02,118.05,119.17,116.08,118.63
792,2015-01-30,118.4,120.0,116.85,117.16
793,2015-01-29,116.32,119.19,115.56,118.9
794,2015-01-28,117.625,118.12,115.31,115.31
795,2015-01-27,112.42,112.48,109.03,109.14
796,2015-01-26,113.74,114.3626,112.8,113.1
797,2015-01-23,112.3,113.75,111.53,112.98
798,2015-01-22,110.26,112.47,109.72,112.4
799,2015-01-21,108.95,111.06,108.27,109.55
800,2015-01-20,107.84,108.9667,106.5,108.72
801,2015-01-16,107.03,107.58,105.2,105.99
802,2015-01-15,110.0,110.06,106.66,106.82
803,2015-01-14,109.04,110.49,108.5,109.8
804,2015-01-13,111.43,112.8,108.91,110.22
805,2015-01-12,112.6,112.63,108.8,109.25
806,2015-01-09,112.67,113.25,110.21,112.01
807,2015-01-08,109.23,112.15,108.7,111.89
808,2015-01-07,107.2,108.2,106.695,107.75
809,2015-01-06,106.54,107.43,104.63,106.26
810,2015-01-05,108.29,108.65,105.41,106.25
811,2015-01-02,111.39,111.44,107.35,109.33
812,2014-12-31,112.82,113.13,110.21,110.38
813,2014-12-30,113.64,113.92,112.11,112.52
814,2014-12-29,113.79,114.77,113.7,113.91
815,2014-12-26,112.1,114.52,112.01,113.99
816,2014-12-24,112.58,112.71,112.01,112.01
817,2014-12-23,113.23,113.33,112.46,112.54
818,2014-12-22,112.16,113.49,111.97,112.94
819,2014-12-19,112.26,113.24,111.66,111.78
820,2014-12-18,111.87,112.65,110.66,112.65
821,2014-12-17,107.12,109.84,106.82,109.41
822,2014-12-16,106.37,110.16,106.26,106.745
823,2014-12-15,110.7,111.6,106.35,108.225
824,2014-12-12,110.46,111.87,109.58,109.73
825,2014-12-11,112.26,113.8,111.34,111.62
826,2014-12-10,114.41,114.85,111.54,111.95
827,2014-12-09,110.19,114.3,109.35,114.12
828,2014-12-08,114.1,114.648,111.62,112.4
829,2014-12-05,115.99,116.08,114.64,115.0
830,2014-12-04,115.77,117.2,115.29,115.49
831,2014-12-03,115.75,116.35,115.11,115.93
832,2014-12-02,113.5,115.75,112.75,114.63
833,2014-12-01,118.81,119.25,111.27,115.07
834,2014-11-28,119.27,119.4,118.05,118.93
835,2014-11-26,117.94,119.1,117.83,119.0
836,2014-11-25,119.07,119.75,117.45,117.6
837,2014-11-24,116.85,118.77,116.62,118.625
838,2014-11-21,117.51,117.57,116.03,116.47
839,2014-11-20,114.91,116.86,114.85,116.31
840,2014-11-19,115.44,115.74,113.8,114.67
841,2014-11-18,113.94,115.69,113.89,115.47
842,2014-11-17,114.27,117.28,113.3,113.99
843,2014-11-14,113.15,114.19,113.05,114.18
844,2014-11-13,111.8,113.45,111.6,112.82
845,2014-11-12,109.38,111.43,109.37,111.25
846,2014-11-11,108.7,109.75,108.4,109.7
847,2014-11-10,109.02,109.33,108.67,108.83
848,2014-11-07,108.75,109.32,108.55,109.01
849,2014-11-06,108.6,108.79,107.8,108.7
850,2014-11-05,109.1,109.3,108.125,108.86
851,2014-11-04,109.36,109.49,107.72,108.6
852,2014-11-03,108.22,110.3,108.01,109.4
853,2014-10-31,108.01,108.04,107.21,108.0
854,2014-10-30,106.959,107.35,105.9,106.98
855,2014-10-29,106.65,107.37,106.36,107.34
856,2014-10-28,105.4,106.74,105.35,106.74
857,2014-10-27,104.85,105.48,104.7,105.11
858,2014-10-24,105.18,105.49,104.53,105.22
859,2014-10-23,104.08,105.051,103.63,104.83
860,2014-10-22,102.84,104.11,102.6,102.99
861,2014-10-21,103.02,103.02,101.27,102.47
862,2014-10-20,98.315,99.96,98.22,99.76
863,2014-10-17,97.5,99.0,96.81,97.67
864,2014-10-16,95.55,97.72,95.41,96.26
865,2014-10-15,97.97,99.15,95.18,97.54
866,2014-10-14,100.39,100.52,98.57,98.75
867,2014-10-13,101.33,101.78,99.81,99.81
868,2014-10-10,100.69,102.03,100.3,100.73
869,2014-10-09,101.54,102.38,100.61,101.02
870,2014-10-08,98.76,101.11,98.31,100.8
871,2014-10-07,99.43,100.12,98.73,98.75
872,2014-10-06,99.95,100.65,99.42,99.62
873,2014-10-03,99.44,100.21,99.04,99.62
874,2014-10-02,99.27,100.22,98.04,99.9
875,2014-10-01,100.59,100.69,98.7,99.18
876,2014-09-30,100.81,101.54,100.53,100.75
877,2014-09-29,98.65,100.435,98.63,100.11
878,2014-09-26,98.53,100.75,98.4,100.75
879,2014-09-25,100.51,100.71,97.72,97.87
880,2014-09-24,102.16,102.85,101.2,101.75
881,2014-09-23,100.6,102.94,100.54,102.64
882,2014-09-22,101.8,102.14,100.58,101.06
883,2014-09-19,102.29,102.35,100.88,100.96
884,2014-09-18,101.93,102.35,101.56,101.79
885,2014-09-17,101.27,101.8,100.5922,101.58
886,2014-09-16,99.8,101.26,98.89,100.86
887,2014-09-15,102.81,103.05,101.44,101.63
888,2014-09-12,101.21,102.19,101.08,101.66
889,2014-09-11,100.41,101.44,99.62,101.43
890,2014-09-10,98.01,101.11,97.76,101.0
891,2014-09-09,99.08,103.08,96.14,97.99
892,2014-09-08,99.3,99.31,98.05,98.36
893,2014-09-05,98.8,99.39,98.31,98.97
894,2014-09-04,98.85,100.09,97.79,98.12
895,2014-09-03,103.1,103.2,98.58,98.94
896,2014-09-02,103.06,103.74,102.72,103.3
897,2014-08-29,102.86,102.9,102.2,102.5
898,2014-08-28,101.59,102.78,101.56,102.25
899,2014-08-27,101.02,102.57,100.7,102.13
900,2014-08-26,101.42,101.5,100.86,100.889
901,2014-08-25,101.79,102.17,101.28,101.54
902,2014-08-22,100.29,101.47,100.19,101.32
903,2014-08-21,100.57,100.94,100.11,100.58
904,2014-08-20,100.44,101.09,99.95,100.57
905,2014-08-19,99.41,100.68,99.32,100.53
906,2014-08-18,98.49,99.37,97.98,99.16
907,2014-08-15,97.9,98.19,96.86,97.98
908,2014-08-14,97.33,97.57,96.8,97.5
909,2014-08-13,96.15,97.24,96.04,97.24
910,2014-08-12,96.04,96.88,95.61,95.97
911,2014-08-11,95.27,96.08,94.8355,95.99
912,2014-08-08,94.26,94.82,93.28,94.74
913,2014-08-07,94.93,95.95,94.1,94.48
914,2014-08-06,94.75,95.48,94.71,94.96
915,2014-08-05,95.36,95.68,94.36,95.12
916,2014-08-04,96.37,96.58,95.17,95.59
917,2014-08-01,94.9,96.62,94.81,96.13
918,2014-07-31,97.16,97.45,95.33,95.6
919,2014-07-30,98.44,98.7,97.67,98.15
920,2014-07-29,99.33,99.44,98.25,98.38
921,2014-07-28,97.82,99.24,97.55,99.02
922,2014-07-25,96.85,97.84,96.64,97.671
923,2014-07-24,97.035,97.32,96.42,97.03
924,2014-07-23,95.42,97.88,95.17,97.19
925,2014-07-22,94.68,94.89,94.12,94.72
926,2014-07-21,94.99,95.0,93.72,93.939
927,2014-07-18,93.62,94.74,93.02,94.43
928,2014-07-17,95.03,95.279,92.57,93.0899
929,2014-07-16,96.97,97.1,94.74,94.78
930,2014-07-15,96.8,96.85,95.03,95.32
931,2014-07-14,95.86,96.89,95.65,96.45
932,2014-07-11,95.36,95.89,94.8625,95.22
933,2014-07-10,93.76,95.55,93.52,95.035
934,2014-07-09,95.44,95.95,94.76,95.39
935,2014-07-08,96.27,96.8,93.92,95.35
936,2014-07-07,94.14,95.99,94.1,95.968
937,2014-07-03,93.67,94.1,93.2,94.03
938,2014-07-02,93.865,94.06,93.09,93.48
939,2014-07-01,93.52,94.07,93.13,93.52
940,2014-06-30,92.1,93.725,92.09,92.93
941,2014-06-27,90.82,92.0,90.77,91.98
942,2014-06-26,90.37,91.05,89.8,90.9
943,2014-06-25,90.21,90.7,89.65,90.36
944,2014-06-24,90.75,91.74,90.19,90.28
945,2014-06-23,91.32,91.62,90.6,90.83
946,2014-06-20,91.85,92.55,90.9,90.91
947,2014-06-19,92.29,92.3,91.3389,91.86
948,2014-06-18,92.27,92.29,91.35,92.18
949,2014-06-17,92.31,92.7,91.8,92.08
950,2014-06-16,91.51,92.75,91.45,92.2
951,2014-06-13,92.2,92.44,90.88,91.28
952,2014-06-12,94.04,94.12,91.9,92.29
953,2014-06-11,94.13,94.76,93.47,93.86
954,2014-06-10,94.73,95.05,93.57,94.25
955,2014-06-09,92.7,93.88,91.75,93.7
956,2014-06-06,649.9,651.26,644.47,645.57
957,2014-06-05,646.2,649.3699,642.61,647.35
958,2014-06-04,637.44,647.89,636.11,644.82
959,2014-06-03,628.46,638.74,628.25,637.54
960,2014-06-02,633.96,634.83,622.5,628.65
961,2014-05-30,637.98,644.17,628.9,633.0
962,2014-05-29,627.85,636.87,627.77,635.38
963,2014-05-28,626.02,629.83,623.78,624.01
964,2014-05-27,615.88,625.86,615.63,625.63
965,2014-05-23,607.25,614.7293,606.47,614.13
966,2014-05-22,606.6,609.85,604.1,607.27
967,2014-05-21,603.83,606.7,602.06,606.31
968,2014-05-20,604.51,606.4,600.73,604.71
969,2014-05-19,597.85,607.33,597.33,604.59
970,2014-05-16,588.63,597.53,585.4,597.51
971,2014-05-15,594.7,596.6,588.04,588.82
972,2014-05-14,592.43,597.4,591.74,593.87
973,2014-05-13,592.0,594.54,590.7,593.76
974,2014-05-12,587.49,593.66,587.4,592.83
975,2014-05-09,584.54,586.25,580.33,585.5425
976,2014-05-08,588.25,594.41,586.4,587.99
977,2014-05-07,595.25,597.29,587.73,592.33
978,2014-05-06,601.8,604.4099,594.41,594.41
979,2014-05-05,590.14,601.0,590.0,600.96
980,2014-05-02,592.34,594.2,589.71,592.58
981,2014-05-01,592.0,594.8,586.36,591.48
982,2014-04-30,592.64,599.43,589.8,590.09
983,2014-04-29,593.74,595.98,589.51,592.33
984,2014-04-28,572.8,595.75,572.55,594.09
985,2014-04-25,564.53,571.99,563.96,571.94
986,2014-04-24,568.21,570.0,560.73,567.77
987,2014-04-23,529.06,531.13,524.45,524.75
988,2014-04-22,528.31,531.826,526.501,531.699
989,2014-04-21,525.34,532.14,523.96,531.17
990,2014-04-17,520.0,527.76,519.2,524.94
991,2014-04-16,518.05,521.09,514.1354,519.01
992,2014-04-15,520.27,521.64,511.33,517.9599
993,2014-04-14,521.9,522.16,517.21,521.68
994,2014-04-11,519.0,522.83,517.14,519.61
995,2014-04-10,530.68,532.24,523.17,523.48
996,2014-04-09,522.64,530.49,522.02,530.32
997,2014-04-08,525.19,526.12,518.7001,523.44
998,2014-04-07,528.02,530.9,521.89,523.47
999,2014-04-04,539.81,540.0,530.58,531.82
1000,2014-04-03,541.39,542.5,537.64,538.79
1001,2014-04-02,542.38,543.48,540.26,542.55
1002,2014-04-01,537.76,541.87,536.77,541.65
1003,2014-03-31,539.23,540.81,535.93,536.74
1004,2014-03-28,538.32,538.9399,534.25,536.86
1005,2014-03-27,540.015,541.5,535.1201,537.46
1006,2014-03-26,546.52,549.0,538.86,539.78
1007,2014-03-25,541.5,545.75,539.59,544.99
1008,2014-03-24,538.42,540.5,535.06,539.19
1009,2014-03-21,531.93,533.75,526.33,532.87
1010,2014-03-20,529.89,532.67,527.35,528.7
1011,2014-03-19,532.26,536.24,529.0,531.26
1012,2014-03-18,525.9,531.97,525.2001,531.4
1013,2014-03-17,527.7,529.97,525.85,526.74
1014,2014-03-14,528.79,530.89,523.0,524.69
1015,2014-03-13,537.44,539.66,529.16,530.65
1016,2014-03-12,534.51,537.35,532.0,536.61
1017,2014-03-11,535.45,538.74,532.59,536.09
1018,2014-03-10,528.36,533.33,528.3391,530.92
1019,2014-03-07,531.09,531.98,526.05,530.44
1020,2014-03-06,532.79,534.4399,528.1,530.75
1021,2014-03-05,530.92,534.75,529.13,532.36
1022,2014-03-04,531.0,532.64,527.77,531.24
1023,2014-03-03,523.42,530.65,522.81,527.76
1024,2014-02-28,529.08,532.75,522.12,526.24
1025,2014-02-27,517.14,528.78,516.05,527.67
1026,2014-02-26,523.61,525.0,515.6,517.35
1027,2014-02-25,529.38,529.565,521.0,522.06
1028,2014-02-24,523.15,529.9199,522.42,527.55
1029,2014-02-21,532.7927,534.57,524.6,525.25
1030,2014-02-20,532.99,537.0,529.0,531.15
1031,2014-02-19,544.75,546.89,534.35,537.37
1032,2014-02-18,546.0,551.19,545.61,545.99
1033,2014-02-14,542.47,545.9799,541.21,543.99
1034,2014-02-13,534.66,544.85,534.2,544.43
1035,2014-02-12,536.95,539.56,533.24,535.92
1036,2014-02-11,530.61,537.75,529.5,535.96
1037,2014-02-10,518.66,531.99,518.0,528.99
1038,2014-02-07,521.38,522.9299,517.38,519.68
1039,2014-02-06,510.06,513.5,507.81,512.51
1040,2014-02-05,506.56,515.28,506.2519,512.59
1041,2014-02-04,505.85,509.46,502.76,508.79
1042,2014-02-03,502.61,507.73,499.3,501.53
1043,2014-01-31,495.18,501.53,493.55,500.6
1044,2014-01-30,502.54,506.5,496.7,499.782
1045,2014-01-29,503.95,507.37,498.62,500.75
1046,2014-01-28,508.76,515.0,502.07,506.5
1047,2014-01-27,550.07,554.8,545.75,550.5
1048,2014-01-24,554.0,555.62,544.75,546.07
1049,2014-01-23,549.94,556.5,544.8064,556.18
1050,2014-01-22,550.9147,557.29,547.81,551.51
1051,2014-01-21,540.99,550.07,540.42,549.07
1052,2014-01-17,551.48,552.07,539.9,540.67
1053,2014-01-16,554.9,556.85,551.68,554.25
1054,2014-01-15,553.52,560.2,551.66,557.36
1055,2014-01-14,538.22,546.73,537.66,546.39
1056,2014-01-13,529.91,542.5,529.88,535.73
1057,2014-01-10,539.83,540.8,531.11,532.94
1058,2014-01-09,546.8,546.86,535.3501,536.519
1059,2014-01-08,538.81,545.56,538.69,543.46
1060,2014-01-07,544.32,545.96,537.925,540.0375
1061,2014-01-06,537.45,546.8,533.6,543.93
1062,2014-01-03,552.86,553.7,540.43,540.98
1063,2014-01-02,555.68,557.03,552.021,553.13
1064,2013-12-31,554.17,561.28,554.0,561.02
1065,2013-12-30,557.46,560.09,552.321,554.52
1066,2013-12-27,563.82,564.41,559.5,560.09
1067,2013-12-26,568.1,569.5,563.376,563.9
1068,2013-12-24,569.89,571.88,566.03,567.67
1069,2013-12-23,568.0,570.72,562.76,570.09
1070,2013-12-20,545.43,551.61,544.8175,549.02
1071,2013-12-19,549.5,550.0,543.7301,544.46
1072,2013-12-18,549.7,551.45,538.8,550.77
1073,2013-12-17,555.81,559.44,553.375,554.99
1074,2013-12-16,555.02,562.6389,555.01,557.5
1075,2013-12-13,562.85,562.88,553.67,554.43
1076,2013-12-12,562.1415,565.34,560.03,560.54
1077,2013-12-11,567.0,570.97,559.69,561.36
1078,2013-12-10,563.58,567.88,561.2,565.55
1079,2013-12-09,560.9001,569.58,560.9001,566.43
1080,2013-12-06,565.79,566.75,559.57,560.02
1081,2013-12-05,572.65,575.1358,566.41,567.901
1082,2013-12-04,565.5,569.19,560.82,565.0
1083,2013-12-03,558.3,566.38,557.68,566.322
1084,2013-12-02,558.0,564.3299,550.82,551.23
1085,2013-11-29,549.48,558.33,547.81,556.07
1086,2013-11-27,536.3098,546.0,533.4,545.96
1087,2013-11-26,524.12,536.14,524.0,533.4
1088,2013-11-25,521.02,525.87,521.0,523.74
1089,2013-11-22,519.52,522.16,518.53,519.8
1090,2013-11-21,517.6,521.21,513.67,521.136
1091,2013-11-20,519.23,520.42,514.33,515.0
1092,2013-11-19,519.03,523.38,517.97,519.55
1093,2013-11-18,524.99,527.19,518.2,518.629
1094,2013-11-15,526.58,529.09,524.49,524.991
1095,2013-11-14,522.81,529.28,521.87,528.16
1096,2013-11-13,518.0,522.25,516.96,520.634
1097,2013-11-12,517.67,523.92,517.0,520.01
1098,2013-11-11,519.99,521.67,514.41,519.048
1099,2013-11-08,514.58,521.13,512.59,520.56
1100,2013-11-07,519.58,523.19,512.38,512.492
1101,2013-11-06,524.15,524.86,518.2,520.92
1102,2013-11-05,524.58,528.885,523.0,525.449
1103,2013-11-04,521.1,526.82,518.81,526.75
1104,2013-11-01,524.02,524.8,515.84,520.03
1105,2013-10-31,525.0,527.49,521.27,522.702
1106,2013-10-30,519.61,527.52,517.02,524.896
1107,2013-10-29,536.27,539.25,514.54,516.678
1108,2013-10-28,529.04,531.0,523.21,529.876
1109,2013-10-25,531.315,533.23,525.11,525.958
1110,2013-10-24,525.0,532.47,522.45,531.91
1111,2013-10-23,519.0,525.67,519.0,524.96
1112,2013-10-22,526.405,528.4496,508.03,519.8675
1113,2013-10-21,511.77,524.3,511.52,521.362
1114,2013-10-18,505.99,509.26,505.71,508.89
1115,2013-10-17,499.98,504.78,499.68,504.5
1116,2013-10-16,500.79,502.53,499.23,501.114
1117,2013-10-15,497.505,502.0,495.52,498.68
1118,2013-10-14,489.83,497.58,489.35,496.04
1119,2013-10-11,486.99,493.84,485.16,492.812
1120,2013-10-10,491.32,492.38,487.04,489.638
1121,2013-10-09,484.64,487.79,478.28,486.588
1122,2013-10-08,489.94,490.64,480.54,480.94
1123,2013-10-07,486.56,492.65,485.35,487.75
1124,2013-10-04,483.86,484.6,478.6,483.03
1125,2013-10-03,490.51,492.35,480.7387,483.41
1126,2013-10-02,485.63,491.8,483.75,489.56
1127,2013-10-01,478.45,489.14,478.381,487.96
1128,2013-09-30,477.25,481.66,474.411,476.75
1129,2013-09-27,483.78,484.67,480.72,482.75
1130,2013-09-26,486.0,488.56,483.9,486.22
1131,2013-09-25,489.2,489.64,481.4301,481.53
1132,2013-09-24,494.88,495.47,487.82,489.1
1133,2013-09-23,496.1,496.91,482.6,490.64
1134,2013-09-20,478.0,478.55,466.0,467.41
1135,2013-09-19,470.7,475.83,469.25,472.3
1136,2013-09-18,463.18,466.35,460.66,464.68
1137,2013-09-17,447.96,459.71,447.5,455.32
1138,2013-09-16,461.0,461.6099,447.22,450.12
1139,2013-09-13,469.3402,471.8292,464.7,464.9
1140,2013-09-12,468.5,475.4,466.01,472.69
1141,2013-09-11,467.0101,473.69,464.81,467.71
1142,2013-09-10,506.2,507.45,489.5,494.64
1143,2013-09-09,505.0,507.92,503.48,506.17
1144,2013-09-06,498.44,499.38,489.95,498.22
1145,2013-09-05,500.25,500.68,493.64,495.27
1146,2013-09-04,499.56,502.24,496.28,498.691
1147,2013-09-03,493.1,500.6,487.35,488.58
1148,2013-08-30,492.0,492.95,486.5,487.216
1149,2013-08-29,491.65,496.5,491.13,491.7
1150,2013-08-28,486.0,495.8,486.0,490.896
1151,2013-08-27,498.0,502.51,486.3,488.59
1152,2013-08-26,500.75,510.2,500.5,502.97
1153,2013-08-23,503.27,503.35,499.35,501.02
1154,2013-08-22,504.98,505.59,498.2,502.96
1155,2013-08-21,503.59,507.15,501.2,502.36
1156,2013-08-20,509.71,510.57,500.82,501.07
1157,2013-08-19,504.34,513.74,504.0,507.74
1158,2013-08-16,500.15,502.94,498.86,502.33
1159,2013-08-15,496.42,502.399,489.0833,497.91
1160,2013-08-14,497.88,504.25,493.4,498.5
1161,2013-08-13,470.94,494.66,468.05,489.57
1162,2013-08-12,456.86,468.65,456.63,467.36
1163,2013-08-09,458.64,460.46,453.65,454.45
1164,2013-08-08,463.855,464.1,457.95,461.01
1165,2013-08-07,463.8,467.0,461.77,464.98
1166,2013-08-06,468.02,471.89,462.17,465.25
1167,2013-08-05,464.69,470.67,462.15,469.45
1168,2013-08-02,458.01,462.85,456.66,462.54
1169,2013-08-01,455.7527,456.8,453.26,456.676
1170,2013-07-31,454.99,457.3425,449.43,452.53
1171,2013-07-30,449.96,457.15,449.23,453.32
1172,2013-07-29,440.8,449.99,440.2,447.79
1173,2013-07-26,435.3,441.04,434.34,440.99
1174,2013-07-25,440.7,441.4,435.81,438.5
1175,2013-07-24,438.93,444.59,435.26,440.51
1176,2013-07-23,426.0,426.96,418.71,418.99
1177,2013-07-22,429.46,429.75,425.468,426.31
1178,2013-07-19,433.1,433.98,424.35,424.95
1179,2013-07-18,433.38,434.87,430.61,431.758
1180,2013-07-17,429.7,432.22,428.22,430.31
1181,2013-07-16,426.52,430.71,424.17,430.195
1182,2013-07-15,425.01,431.46,424.8,427.44
1183,2013-07-12,427.65,429.79,423.41,426.51
1184,2013-07-11,422.95,428.25,421.1701,427.288
